{"cameraMode":{"drawMode":0,"name":"Shaded","section":"Shading Mode"},"sceneLighting":false,"audioPlay":false,"sceneViewState":{"showFog":true,"showMaterialUpdate":false,"showSkybox":true,"showFlares":true,"showImageEffects":true,"showParticleSystems":true},"in2DMode":false,"pivot":{"x":-72.99443817138672,"y":-8.152237892150879,"z":-148.69493103027345},"rotation":{"x":-0.06846915185451508,"y":-0.6801576018333435,"z":0.06405353546142578,"w":-0.7270452380180359},"size":69.21339416503906,"orthographic":false}