{"cameraMode":{"drawMode":0,"name":"Shaded","section":"Shading Mode"},"sceneLighting":false,"audioPlay":false,"sceneViewState":{"showFog":true,"showMaterialUpdate":false,"showSkybox":true,"showFlares":true,"showImageEffects":true,"showParticleSystems":true},"in2DMode":false,"pivot":{"x":-124.29335021972656,"y":-28.91543197631836,"z":-117.52183532714844},"rotation":{"x":-0.511978805065155,"y":0.4340664744377136,"z":-0.3364623188972473,"w":-0.6604976654052734},"size":86.82877349853516,"orthographic":false}