{"cameraMode":{"drawMode":0,"name":"Shaded","section":"Shading Mode"},"sceneLighting":false,"audioPlay":false,"sceneViewState":{"showFog":true,"showMaterialUpdate":false,"showSkybox":true,"showFlares":true,"showImageEffects":true,"showParticleSystems":true},"in2DMode":false,"pivot":{"x":31.047563552856447,"y":-11.138729095458985,"z":28.101224899291993},"rotation":{"x":-0.6834662556648254,"y":0.03105328418314457,"z":-0.029128005728125573,"w":-0.7287394404411316},"size":47.08268737792969,"orthographic":false}