{"cameraMode":{"drawMode":0,"name":"Shaded","section":"Shading Mode"},"sceneLighting":false,"audioPlay":false,"sceneViewState":{"showFog":true,"showMaterialUpdate":false,"showSkybox":true,"showFlares":true,"showImageEffects":true,"showParticleSystems":true},"in2DMode":false,"pivot":{"x":-13.731058120727539,"y":19.395980834960939,"z":-14.140769958496094},"rotation":{"x":-0.38185131549835207,"y":0.007482667453587055,"z":-0.0030922668520361187,"w":-0.9241883754730225},"size":155.7030792236328,"orthographic":false}