{"cameraMode":{"drawMode":0,"name":"Shaded","section":"Shading Mode"},"sceneLighting":false,"audioPlay":false,"sceneViewState":{"showFog":true,"showMaterialUpdate":false,"showSkybox":true,"showFlares":true,"showImageEffects":true,"showParticleSystems":true},"in2DMode":false,"pivot":{"x":-72.6475830078125,"y":-15.87899398803711,"z":-72.11964416503906},"rotation":{"x":-0.5260038375854492,"y":-0.08213704824447632,"z":0.05113125219941139,"w":-0.8449609279632568},"size":50.5289306640625,"orthographic":false}