{"cameraMode":{"drawMode":0,"name":"Shaded","section":"Shading Mode"},"sceneLighting":false,"audioPlay":false,"sceneViewState":{"showFog":true,"showMaterialUpdate":false,"showSkybox":true,"showFlares":true,"showImageEffects":true,"showParticleSystems":true},"in2DMode":false,"pivot":{"x":-120.70037841796875,"y":-0.08747005462646485,"z":-147.98944091796876},"rotation":{"x":0.3936634957790375,"y":0.5997769832611084,"z":-0.5464398264884949,"w":0.4320882558822632},"size":24.17732810974121,"orthographic":false}