{"cameraMode":{"drawMode":0,"name":"Shaded","section":"Shading Mode"},"sceneLighting":false,"audioPlay":false,"sceneViewState":{"showFog":true,"showMaterialUpdate":false,"showSkybox":true,"showFlares":true,"showImageEffects":true,"showParticleSystems":true},"in2DMode":false,"pivot":{"x":-7.486269474029541,"y":-19.819290161132814,"z":1.3105697631835938},"rotation":{"x":-0.6938388347625732,"y":0.0025895594153553249,"z":-0.0024958616122603418,"w":-0.7201213240623474},"size":250.6427001953125,"orthographic":false}