{"cameraMode":{"drawMode":0,"name":"Shaded","section":"Shading Mode"},"sceneLighting":false,"audioPlay":false,"sceneViewState":{"showFog":true,"showMaterialUpdate":false,"showSkybox":true,"showFlares":true,"showImageEffects":true,"showParticleSystems":true},"in2DMode":false,"pivot":{"x":7.580626010894775,"y":18.5648193359375,"z":-101.22257995605469},"rotation":{"x":-0.687288761138916,"y":-0.06332330405712128,"z":0.06035451591014862,"w":-0.7210975289344788},"size":242.13858032226563,"orthographic":false}