{"cameraMode":{"drawMode":0,"name":"Shaded","section":"Shading Mode"},"sceneLighting":false,"audioPlay":false,"sceneViewState":{"showFog":true,"showMaterialUpdate":false,"showSkybox":true,"showFlares":true,"showImageEffects":true,"showParticleSystems":true},"in2DMode":false,"pivot":{"x":250.15670776367188,"y":36.41925048828125,"z":190.10997009277345},"rotation":{"x":0.5454045534133911,"y":-0.007543324958533049,"z":0.004908772651106119,"w":0.8381246328353882},"size":292.8120422363281,"orthographic":false}