{"cameraMode":{"drawMode":0,"name":"Shaded","section":"Shading Mode"},"sceneLighting":false,"audioPlay":false,"sceneViewState":{"showFog":true,"showMaterialUpdate":false,"showSkybox":true,"showFlares":true,"showImageEffects":true,"showParticleSystems":true},"in2DMode":false,"pivot":{"x":-41.39517593383789,"y":-0.9944686889648438,"z":-32.61439514160156},"rotation":{"x":-0.4708830714225769,"y":0.4291778802871704,"z":-0.28168395161628725,"w":-0.7174466252326965},"size":22.825536727905275,"orthographic":false}