{"cameraMode":{"drawMode":0,"name":"Shaded","section":"Shading Mode"},"sceneLighting":true,"audioPlay":false,"sceneViewState":{"showFog":true,"showMaterialUpdate":false,"showSkybox":true,"showFlares":true,"showImageEffects":true,"showParticleSystems":true},"in2DMode":false,"pivot":{"x":-50.22343063354492,"y":-16.053176879882814,"z":-67.44534301757813},"rotation":{"x":-0.6090723872184753,"y":-0.03874368220567703,"z":0.029809175059199334,"w":-0.7916067242622376},"size":121.8585205078125,"orthographic":false}