{"cameraMode":{"drawMode":0,"name":"Shaded","section":"Shading Mode"},"sceneLighting":false,"audioPlay":false,"sceneViewState":{"showFog":true,"showMaterialUpdate":false,"showSkybox":true,"showFlares":true,"showImageEffects":true,"showParticleSystems":true},"in2DMode":false,"pivot":{"x":-40.02638626098633,"y":6.546060562133789,"z":-23.60674285888672},"rotation":{"x":-0.2733474671840668,"y":0.1852445751428604,"z":-0.053732868283987048,"w":-0.9423791170120239},"size":22.825536727905275,"orthographic":false}