{"cameraMode":{"drawMode":0,"name":"Shaded","section":"Shading Mode"},"sceneLighting":false,"audioPlay":false,"sceneViewState":{"showFog":true,"showMaterialUpdate":false,"showSkybox":true,"showFlares":true,"showImageEffects":true,"showParticleSystems":true},"in2DMode":false,"pivot":{"x":114.68869018554688,"y":-115.37422180175781,"z":161.0535888671875},"rotation":{"x":-0.701432466506958,"y":-0.006448694970458746,"z":0.006339218467473984,"w":-0.7126786112785339},"size":889.224853515625,"orthographic":false}