{"cameraMode":{"drawMode":0,"name":"Shaded","section":"Shading Mode"},"sceneLighting":false,"audioPlay":false,"sceneViewState":{"showFog":true,"showMaterialUpdate":false,"showSkybox":true,"showFlares":true,"showImageEffects":true,"showParticleSystems":true},"in2DMode":false,"pivot":{"x":-100.90895080566406,"y":-15.837349891662598,"z":-147.8629608154297},"rotation":{"x":-0.22353005409240724,"y":-0.7565749287605286,"z":0.32380470633506777,"w":-0.5222828388214111},"size":49.32362365722656,"orthographic":false}